,name,price,rating,review
0,Anti Theft Faux Leather,₹499.00,3.9 out of 5 stars,
1,A1 Fashion Bag for College School - Blue Double Pocket,₹675.00,Previous page,
2,American Tourister 32 Ltrs Black Casual Backpack (AMT FIZZ SCH BAG 02 - BLACK),"₹1,299.00",4.1 out of 5 stars,
3,Wesley Milestone 2.0 Casual Waterproof Laptop Backpack/Office Bag/School Bag/College Bag/Business Bag/Travel Backpack (Dimensions:13x18 inches) (Compatible with 39.62cm(15.6inch laptop) 30 L (Blue & black),₹565.00,4.3 out of 5 stars,
4,Skybags Brat Black 46 Cms Casual Backpack,₹669,4.1 out of 5 stars,"3,368 ratings"
5,ADISA 15.6 inch Laptop Backpack Office Bag College Travel Back Pack 32 Ltrs (z-Navy Blue),₹499.00,3.9 out of 5 stars,
6,"Safari Flash Casual Backpack, 26 ltr Water Resistant Travel Bags| Weight Polyester Bagpack for Men and Women, Spacious Shoulder Bag for College, Office, Travelling and Camping",₹699.00,3.9 out of 5 stars,
7,Gear Aspire 30L Water Restant Office Laptop Bag/Backpack for Men/Women/(Black),"₹1,188.00",4.3 out of 5 stars,
8,"Wesley Unisex Milestone Casual Waterproof Laptop Office School College Business Travel Backpack 25 L (Dimensions: 12.5x18 inches) (Compatible with 15.6 inch laptops), Navy Blue",₹498.00,4.3 out of 5 stars,
9,Fur Jaden Brown Textured Leatherette Stylish & Spacious Weekender Duffle Bag for Travel,₹889.00,4.3 out of 5 stars,
10,Justify 55L Large Laptop Backpack With 3 Compartments Polyester Trendy Waterproof Travel Backpack,"₹1,799.00",Previous page,
11,"Chris & Kate Grey 16 Ltrs Water Resistant Polyester Backpack for School | College | With Laptop Compartment,",₹425.00,Previous page,
12,"Mi Step Out 12 L Mini Backpack (Small Size, Black, Water Repellant)",₹356.00,4.1 out of 5 stars,
13,Kuber Industries Women's Handkerchief Set (Cream),₹312.62,3.8 out of 5 stars,
14,Fiesto Fashion PU Leather Handbags With Sling Bag For Women Large Shoulder Tote Purse Top Handle Satchel (Combo Of 3),₹615.00,3.9 out of 5 stars,
15,ADISA women girls embroided sling bag,₹495,4.2 out of 5 stars,"1,412 ratings"
16,Lapis O Lupo Women Vegan Leather Handbags Flower Embroidered Bags Fashion Satchel Bags Top Handle,"₹1,039.00",4.2 out of 5 stars,
17,Skybags Polypropylene 46 Cms Travel Bag(DFACN1BLU_Blue),₹658.00,4.0 out of 5 stars,
18,DEIN KLEIDER Men's Nylon Messenger Bag,₹349.00,4.0 out of 5 stars,
19,ADISA Light Weight Laptop Backpack 32 Ltrs,₹499.00,4.0 out of 5 stars,
20,Gear Classic 20L Faux Leather Water Resistant Anti Theft Laptop Bag/Backpack for Men/Women-Brown,"₹1,039",4.4 out of 5 stars,"5,328 ratings"
21,Half Moon Large 37L Laptop Bag Backpack for menं Women Boys and Girls Luggage Travel Bags with 17.3 inches Laptop Compartment & Rain Cover,₹849,3.9 out of 5 stars,"2,126 ratings"
22,Northzone Casual Waterproof Laptop Backpack/Office Bag/School Bag/College Bag/Business Bag/Travel Backpack (Dimensions:13x18 inches) (Compatible with 39.62cm(15.6inch laptop) 30 L,₹510,5.0 out of 5 stars,2 ratings
23,"Safari Spartan 21 Ltrs Water Resistant Backpack - Blue, S (SPARTAN19CBBLU)",₹599.00,3.8 out of 5 stars,
24,Zeog 25 Ltrs Casual Waterproof Laptop Bag/Backpack for Men Women Boys & Girls Office/School/College/Travel Backpack | Zeog2blk,₹799.00,Previous page,
25,HEROZ Hammer Unisex Nylon 45 L Travel Laptop Backpack Water Resistant Slim Durable Fits Up to 17.3 Inch Laptop Notebook (All) (Navy Blue & Sky Blue),"₹1,424.00",4.3 out of 5 stars,
26,Anti Theft Faux Leather,₹499.00,3.9 out of 5 stars,
27,"Chris & Kate 42ltr Navy-Red Comfortable Casual, School Backpack",₹549,Previous page,
28,"AirCase Laptop Bag Backpack Case Pouch for Laptop Backpack for Men & Women,Premium Vegan Leather",₹999.00,3.9 out of 5 stars,
29,"Mi Step Out 12 L Mini Backpack (Small Size, Dark Blue, Water Repellant)",₹299.00,4.1 out of 5 stars,
30,Bennett™ Mystic Formal Business Briefcase Bag Crossbody Messenger College Bags For Men Women MacBook INoteBook ITablet Laptop Upto 15.6 Inch | Handbags with Shoulder Straps (Blue) 6 Months Warranty,₹512.00,4.1 out of 5 stars,
31,ADISA Laptop Backpack 31 Ltrs,₹499.00,4.0 out of 5 stars,
32,Half Moon 35 ltrs (33 cms)backpack(Navy Laptop Bags_navy blue),₹689.00,3.9 out of 5 stars,
33,"Safari Quill Laptop Backpack 26 Ltrs Water Resistant Fabric - Black, L (QUILL19CBBLK)",₹899.00,3.9 out of 5 stars,
34,"INOVERA Faux Leather Women Handbags Shoulder Hobo Bag Purse With Long Strap, 32L x 13B x 30H cm","₹1,399.00",4.1 out of 5 stars,
35,F Gear Raider 30 Liter Backpack with Rain Cover (.Marpat Navy Digital Camo),₹822.00,4.2 out of 5 stars,
36,HP 100 Lightweight Backpack for 15.6-inch Laptop with Elastic and Padded Shoulder Straps (Black),₹899,4.0 out of 5 stars,516 ratings
37,Zeog 25 Ltrs Casual Waterproof Laptop Bag/Backpack for Men Women Boys & Girls Office/School/College/Travel Backpack | Zeog2blk,₹799.00,Previous page,
38,Tommy Hilfiger Joshua 15 inch 21 Ltrs Light Grey Laptop Backpack (TH/JOSHUALAP07),"₹1,919.00",3.9 out of 5 stars,
39,NIVIA Basic Duffle Polyester Bag/Gym Bags/Adjustable Shoulder Bag for Men/Duffle Gym Bags for Men/Fitness Bag/Carry Bags/Sports & Travel Bag/Sports Kit/Duffle Bags Travel,₹239.00,4.0 out of 5 stars,
40,Wesley Milestone 15.6 inch 25 L Casual Waterproof Laptop Backpack/Office Bag/School Bag/College Bag/Business Bag/Unisex Travel Backpack,₹498.00,4.3 out of 5 stars,
41,"Fur Jaden 55 LTR Rucksack Travel Backpack Bag for Trekking, Hiking with Shoe Compartment",₹839.00,4.2 out of 5 stars,
42,Lavie Sport Lino Large Size 63 cms Wheel Duffle Bag for Travel | Travel Bag with Trolley,₹999.00,4.0 out of 5 stars,
43,Gear CarryOn 16L Foldable Water Resistant School Bag//Backpack/College Bag for Men/Women - Blue Black,₹249.00,3.7 out of 5 stars,
44,Lunar's Bingo - 48 L Laptop Office/School/Travel/Business Backpack Water Resistant - Fits Up to 15.6 Inch Laptop Notebook with 1 Year Warranty,₹899.00,3.9 out of 5 stars,
45,F Gear Luxur Brown 25 liter Laptop Backpack (2404),"₹1,099.00",4.4 out of 5 stars,
46,"URBAN TRIBE Havana 15.6"" inch Laptop Backpack for Men and Women | 27L Office/Work/Casual Bag | Water Repellent | Black",₹998.00,3.9 out of 5 stars,
47,URBAN TRIBE Move Travel/Office/Casual/Laptop Backpack,₹798.00,3.5 out of 5 stars,
48,Anti Theft Faux Leather,₹499,3.9 out of 5 stars,51 ratings
49,"Chris & Kate 42ltr Navy-Red Comfortable Casual, School Backpack",₹549.00,Previous page,
50,"LuvLap Baby Breast Milk Storage Bags (Pack of 25), BPA Free Disposable Milk Freezer Bags for Breast Feeding, Transparent",₹308.00,4.3 out of 5 stars,₹308.00₹308.00
51,Half Moon Large 37L Laptop Bag Backpack for menं Women Boys and Girls Luggage Travel Bags with 17.3 inches Laptop Compartment & Rain Cover,₹849,3.9 out of 5 stars,"2,126 ratings"
52,Wesley Spartan Unisex Travel Hiking Laptop Bag fits Upto 17.3 inch with Raincover and Internal Organiser Backpack Rucksack College Bag,₹798.00,4.1 out of 5 stars,
53,"FUR JADEN Anti Theft Number Lock Backpack Bag with 15.6 Inch Laptop Compartment, USB Charging Port & Organizer Pocket for Men Women Boys Girls",₹689.00,3.9 out of 5 stars,
54,NIVIA Beast Gym Bag-4 Polyester/Unisex Gym Bags/Shoulder Bag for Men & Women with Separate Shoes Compartment/Carry Gym Accessories/Fitness Bag/Sports & Travel Bag/Sports Kit (Black),₹529.00,4.2 out of 5 stars,
55,Gear Polyester 74 Cms Duffle Bag(Dufcrstng0406_Grey),₹539.00,4.1 out of 5 stars,
56,"WILD MODA Women's Shoulder Bag, Set of 1",₹849.00,4.3 out of 5 stars,
57,Wesley Ignite Casual Waterproof Laptop Backpack/Office Bag/School Bag/College Bag/Business Bag/Travel Backpack (Dimensions:13x18.5 inches) (Compatible with 39.62cm(15.6inch laptop),₹599.00,3.8 out of 5 stars,
58,Zeog 25 Ltrs Casual Waterproof Laptop Bag/Backpack for Men Women Boys & Girls Office/School/College/Travel Backpack | Zeog2blk,₹799.00,Previous page,
59,"FUR JADEN Anti Theft Number Lock Backpack Bag with 15.6 Inch Laptop Compartment, USB Charging Port & Organizer Pocket for Men Women Boys Girls",₹689.00,3.9 out of 5 stars,
60,"WILDHORN 31L Laptop Backpack for Men / Women I Fits upto 15.6"" Laptop I Waterproof I Travel / Business / College Bookbags",₹599,4.1 out of 5 stars,703 ratings
61,Half Moon Strike 35L Unisex Spacious School/ Laptop/ College/ Office Travel Backpack Bag for Men Women Boys & Girls with 15.6 inch Padded Laptop Compartment & Multiple Pockets,₹699.00,3.6 out of 5 stars,
62,"POLESTAR Vintage 15.6 inch 32 LTR Casual Laptop Backpack/Office Bag/School Bag/College Bag/Business Bag/Unisex Backpack , Water Resistant and Light Weight, 1 year Warranty",₹549,3.9 out of 5 stars,"8,344 ratings"
63,Fur Jaden Anti Theft Backpack 15.6 Inch Laptop Bag with USB Charging Port,₹799.00,4.0 out of 5 stars,
64,"SIDRUM WF-18 DSLR/SLR Camera Shoulder Bag Case with Adjustable Shoulder Strap & Rain Cover, Compatible for Nikon, Canon, Sony Mirrorless Cameras - Waterproof - Breathable - Anti Shock (Orange-Black)",₹664.00,4.4 out of 5 stars,
65,F Gear String 11 Ltrs Nylon Black Gym Bag,₹189,4.0 out of 5 stars,415 ratings
66,NIVIA Basic Duffle Polyester Bag/ Gym Bags/ Adjustable Shoulder Bag for Men/ Duffle Gym Bags for Men/ Fitness Bag/ Carry Bags/ Sports & Travel Bag/ Sports Kit/ Duffle Bags Travel (Black/Grey),₹245.00,3.9 out of 5 stars,
67,Wildcraft Work Packs'18 21 Ltrs Black Laptop Backpack (Streak Plus),"₹1,445.00",4.4 out of 5 stars,
68,URBAN TRIBE Move Travel/Office/Casual/Laptop Backpack,₹798,3.5 out of 5 stars,10 ratings
69,"COSMUS Madison waterproof Multipurpose Backpack With laptop compartment , 33L","₹1,196.00",4.2 out of 5 stars,
70,Anti Theft Faux Leather,₹499,3.9 out of 5 stars,51 ratings
71,"URBAN TRIBE Havana 15.6"" inch Laptop Backpack for Men and Women | 27L Office/Work/Casual Bag | Water Repellent | Black",₹998.00,3.9 out of 5 stars,
72,"Dell Pro Slim Backpack 15 - PO1520PS - Fits Most laptops up to 38.1 cm (15 inches, Black)","₹1,599.00",4.4 out of 5 stars,
73,American Tourister Casual Backpack,"₹1,499.00",4.1 out of 5 stars,
74,Skybags Brat Sea Green 46 Cms Casual Backpack,₹669.00,4.1 out of 5 stars,
75,"ZANIC'S Large Capacity Cosmetic Travel Bag, Women's Makeup Travel Bag Portable Leather Cosmetics Bag, Makeup Storage Bags with Handle and Divider, Wide Opening Cosmetic/Makeup Organizer Bags (Pink)",₹749.00,4.4 out of 5 stars,
76,"FUR JADEN Anti Theft Number Lock Backpack Bag with 15.6 Inch Laptop Compartment, USB Charging Port & Organizer Pocket for Men Women Boys Girls",₹689.00,3.9 out of 5 stars,
77,F Gear Raider 30 Liter Backpack with Rain Cover (.Marpat Navy Digital Camo),₹822.00,4.2 out of 5 stars,
78,"POLESTAR Vintage 15.6 inch 32 LTR Casual Laptop Backpack/Office Bag/School Bag/College Bag/Business Bag/Unisex Backpack , Water Resistant and Light Weight, 1 year Warranty",₹549.00,3.9 out of 5 stars,
79,"Mi Step Out 12 L Mini Backpack (Small Size, Red, Water Repellant)",₹254.00,4.1 out of 5 stars,
80,"Chris & Kate 42ltr Navy-Red Comfortable Casual, School Backpack",₹549,Previous page,
81,HP 100 Lightweight Backpack for 15.6-inch Laptop with Elastic and Padded Shoulder Straps (Black),₹899.00,4.0 out of 5 stars,
82,"Fur Jaden 55 LTR Rucksack Travel Backpack Bag for Trekking, Hiking with Shoe Compartment",₹839.00,4.2 out of 5 stars,
83,Baggit Women Hobo Handbag (ROSE),₹595.00,4.2 out of 5 stars,
84,Wildcraft Turnaround Polyester 14 inch 27 Ltrs Blue Laptop Bag (8903340000000),"₹1,695.00",4.3 out of 5 stars,
85,Red Lemon Swiss Cut Design Medium 26 L Laptop Backpack Outdoor Backpack fits 15.6 inch Multifunctional Laptop Bag Backpack for Men and Women with USB port Anti Theft Travel Backpack,"₹1,899",4.4 out of 5 stars,425 ratings
86,Bennett™ Mystic 15.6 inch (39.6cm) Laptop Briefcase Shoulder Sling Office Business Professional Travel Messenger Bag for Men and Women Water Repellent Formal Executive Bags (Grey) 6 Months Warranty,₹512.00,4.1 out of 5 stars,
87,Gear Classic 20L Faux Leather Water Resistant Anti Theft Laptop Bag/Backpack for Men/Women-Tan,₹999,4.4 out of 5 stars,"2,268 ratings"
88,VIP Polypropylene 48 Cms Travel Bag(DFENDEBRN_Brown),₹899,4.3 out of 5 stars,334 ratings
89,Gear Parker 23L Water Resistant Anti Theft Laptop Bag/Backpack for Men/Women - Black,₹649.00,4.3 out of 5 stars,
90,"COSMUS Madison waterproof Multipurpose Backpack With laptop compartment , 33L","₹1,196.00",4.2 out of 5 stars,
91,URBAN TRIBE Move Travel/Office/Casual/Laptop Backpack,₹798.00,3.5 out of 5 stars,
92,Anti Theft Faux Leather,₹499,3.9 out of 5 stars,51 ratings
93,"URBAN TRIBE Havana 15.6"" inch Laptop Backpack for Men and Women | 27L Office/Work/Casual Bag | Water Repellent | Black",₹998.00,3.9 out of 5 stars,
94,Red Lemon Swiss Cut Design Medium 26 L Laptop Backpack Outdoor Backpack fits 15.6 inch Multifunctional Laptop Bag Backpack for Men and Women with USB port Anti Theft Travel Backpack,"₹1,899.00",4.4 out of 5 stars,Lightning Deal
95,Wildcraft Turnaround Polyester 14 inch 27 Ltrs Blue Laptop Bag (8903340000000),"₹1,695",4.3 out of 5 stars,"3,184 ratings"
96,VIP Polypropylene 48 Cms Travel Bag(DFENDEBRN_Brown),₹899.00,4.3 out of 5 stars,
97,Bennett™ Mystic 15.6 inch (39.6cm) Laptop Briefcase Shoulder Sling Office Business Professional Travel Messenger Bag for Men and Women Water Repellent Formal Executive Bags (Grey) 6 Months Warranty,₹512.00,4.1 out of 5 stars,
98,Gear Classic 20L Faux Leather Water Resistant Anti Theft Laptop Bag/Backpack for Men/Women-Tan,₹999.00,4.4 out of 5 stars,
99,Gear Classic 20L Faux Leather Water Resistant Anti Theft Laptop Bag/Backpack for Men/Women-Navy,"₹1,049",4.4 out of 5 stars,"5,987 ratings"
100,Gear Triumph 26L Water Resistant School Bag//Backpack/College Bag for Men/Women - Navy Blue,₹769,4.2 out of 5 stars,"5,375 ratings"
101,"SHALIMAR large capacity Travel bag / Storage bag / Move-in bags/ Duffel Bag - Strong, Durable , Foldable and Water Resistant ( Pack of 1 ) ( Blue )",₹247.00,4.1 out of 5 stars,
102,"Chris & Kate 42ltr Navy-Red Comfortable Casual, School Backpack",₹549.00,Previous page,
103,URBAN TRIBE Move Travel/Office/Casual/Laptop Backpack,₹798.00,3.5 out of 5 stars,
104,"Genie Glitter Backpack for Women - 3 compartments, Laptop Bags for Girls, Stylish and Trendy College Backpacks for Girls, Water Resistant and Lightweight Bags for Office and Travelling Purpose.","₹1,099",4.3 out of 5 stars,300 ratings
105,Gear Parker 23L Water Resistant Anti Theft Laptop Bag/Backpack for Men/Women - Black,₹649.00,4.3 out of 5 stars,
106,SAFARI 15 Ltrs Sea Blue Casual/School/College Backpack (DAYPACKNEO15CBSEB),₹299.00,4.0 out of 5 stars,
107,"Motherly Diaper Bags for Mom Travel Basic Edition (Navy Blue,Pack of 1)","₹1,516.00",4.5 out of 5 stars,
108,Northzone Casual Waterproof Laptop Backpack/Office Bag/School Bag/College Bag/Business Bag/Travel Backpack (Dimensions:13x18 inches) (Compatible with 39.62cm(15.6inch laptop) 30 L,₹510.00,5.0 out of 5 stars,
109,American Tourister KAMILIANT Polypropylene Hard 68 cms Luggage (LG4 (0) 00 002_Crimson)(46×68×28) cm Travel Bag,"₹2,899.00",4.2 out of 5 stars,
110,Artistix 25 ltrs (30 cms)backpack(Talon_40cm_black),₹999,4.3 out of 5 stars,"2,764 ratings"
111,Half Moon Strike 35L Unisex Spacious School/ Laptop/ College/ Office Travel Backpack Bag for Men Women Boys & Girls with 15.6 inch Padded Laptop Compartment & Multiple Pockets,₹699.00,3.6 out of 5 stars,
112,"COSMUS Madison waterproof Multipurpose Backpack With laptop compartment , 33L","₹1,196.00",4.2 out of 5 stars,
113,"FUR JADEN Anti Theft Number Lock Backpack Bag with 15.6 Inch Laptop Compartment, USB Charging Port & Organizer Pocket for Men Women Boys Girls",₹689.00,3.9 out of 5 stars,
114,Anti Theft Faux Leather,₹499.00,3.9 out of 5 stars,
115,"URBAN TRIBE Havana 15.6"" inch Laptop Backpack for Men and Women | 27L Office/Work/Casual Bag | Water Repellent | Black",₹998.00,3.9 out of 5 stars,
116,wooum Water Resistant Material Sling Bag/One Side Bag/Shoulder Bag/Messenger Bag/Office Messenger Bag/Travel Side Bag with 14.1 Inch Laptop Compartment -,₹474.05,4.0 out of 5 stars,201 ratings
117,"F Gear Blow Laptop Backpack With Rain Cover 32 Liters (Black,Grey) Sch Bag","₹1,039.00",4.3 out of 5 stars,
118,"Lunar's Unisex 50L Water Resistant Office/Travel/Business Laptop Backpack, Bag for up to 17.3 inch Laptop/MacBook with rain Cover and 2 Large compartments","₹1,199.00",4.0 out of 5 stars,
119,Nivia Polyester String Bag,₹139.00,4.1 out of 5 stars,
120,Asus BP1504 39.62 cm (15.6-inch) Laptop Backpack (Dark Grey),₹819.00,4.2 out of 5 stars,
121,"House of Quirk Hanging Travel Toiletry Bag, Waterproof Dopp Kit for Shaving Makeup Accessories, Men Cosmetic Organizer with Large Capacity, for Gym, Camping - Black",₹399.00,4.0 out of 5 stars,
122,Amazon Brand - Eden & Ivy Women's Sling Bag,₹599.00,4.1 out of 5 stars,
123,Protecta The Professional Laptop Bag Briefcase for Laptops with Screen Size Up to 15.6 Inch (Black & Indian Geometric Print),₹699.00,4.4 out of 5 stars,
124,"Chris & Kate 42ltr Navy-Red Comfortable Casual, School Backpack",₹549.00,Previous page,
125,URBAN TRIBE Move Travel/Office/Casual/Laptop Backpack,₹798.00,3.5 out of 5 stars,
126,"POLESTAR Evo 42 L Office/ College/ Casual/ Laptop/ Weekender Travel Bag with 15.6"" laptop compartment, separate clothing section, men & women, 1 year warranty",₹999.00,4.0 out of 5 stars,
127,Baggit Women Hobo Handbag (ROSE),₹595,4.2 out of 5 stars,177 ratings
128,Safari Seek 45 Ltrs Overnighter Expandable Travel Laptop Backpack,"₹1,949",4.5 out of 5 stars,"6,427 ratings"
129,"Osaka Pro Series-11 Waterproof DSLR Backpack Camera Bag, Lens Accessories Carry Case for Nikon, Canon, Olympus, Pentax & Others-Made in India",₹880.00,3.9 out of 5 stars,
130,Nelle Harper Women's Handbag,₹699,3.9 out of 5 stars,"2,816 ratings"
131,Gear Classic 20L Faux Leather Water Resistant Anti Theft Laptop Bag/Backpack for Men/Women-Black,₹999,4.4 out of 5 stars,"2,527 ratings"
132,"R for Rabbit Caramello Delight Diaper Bag Backpack -Multi-Function Waterproof Mother Bag for Travel with Baby - Large Capacity, Durable and Stylish.(Grey Black)","₹1,999.00",4.4 out of 5 stars,
133,GOCART WITH G LOGO Laptop Backpack Casual Daypacks Briefcase Convertible Business Travel Rucksack with USB Charging Port Large College School Bookbag Computer Laptop Bag,"₹1,499.00",3.9 out of 5 stars,
134,"COSMUS Madison waterproof Multipurpose Backpack With laptop compartment , 33L","₹1,196.00",4.2 out of 5 stars,
135,Zeog 25 Ltrs Casual Waterproof Laptop Bag/Backpack for Men Women Boys & Girls Office/School/College/Travel Backpack | Zeog2blk,₹799.00,Previous page,
136,Anti Theft Faux Leather,₹499,3.9 out of 5 stars,51 ratings
137,Justify 55L Large Laptop Backpack With 3 Compartments Polyester Trendy Waterproof Travel Backpack,"₹1,799",Previous page,
138,Half Moon 30L Waterproof 15.6 inch Laptop Office School College Bag Backpack for Men Women Boys & Girls,₹589.00,3.6 out of 5 stars,
139,PALAY® Crossbody Phone Bags For Women 3 Layers Small Multifunctional Mobile Pouch Sling Bags For Girls Latest Travel Cell Phone Purses Pouch Sport Shoulder Bag,₹552.00,4.4 out of 5 stars,
140,Nivia Polyester String Bag,₹139.00,4.1 out of 5 stars,
141,Baggit Women's Sling Bag (Grey),₹837.00,4.3 out of 5 stars,
142,"House of Quirk Hanging Travel Toiletry Bag, Waterproof Dopp Kit for Shaving Makeup Accessories, Men Cosmetic Organizer with Large Capacity, for Gym, Camping - Black",₹399.00,4.0 out of 5 stars,
143,Amazon Brand - Eden & Ivy Women's Sling Bag,₹559.27,4.3 out of 5 stars,
144,Protecta The Professional Laptop Bag Briefcase for Laptops with Screen Size Up to 15.6 Inch (Black & Indian Geometric Print),₹699.00,4.4 out of 5 stars,
145,Dein Kleider Nylon Sling Cross Body Utility Travel Office Business Messenger one Side Shoulder Bag for Men and Women,₹349.00,4.1 out of 5 stars,
146,"Chris & Kate 42ltr Navy-Red Comfortable Casual, School Backpack",₹549.00,Previous page,
147,Zeog 25 Ltrs Casual Waterproof Laptop Bag/Backpack for Men Women Boys & Girls Office/School/College/Travel Backpack | Zeog2blk,₹799,Previous page,
148,HP Lightweight 300 Grey Laptops Backpack with Crafted Cable Pass Through and Padded Shoulder Straps,"₹1,002.00",4.1 out of 5 stars,
149,"HOT DELIVERY BAGS Insulated and Waterproof Door Hanging Bag for Milk Sachets and Bottles Storage, Durable and Light Weight (Sea Green)",₹649.00,4.5 out of 5 stars,
150,"Osaka Pro Series-11 Waterproof DSLR Backpack Camera Bag, Lens Accessories Carry Case for Nikon, Canon, Olympus, Pentax & Others-Made in India",₹880.00,3.9 out of 5 stars,
151,"R for Rabbit Caramello Delight Diaper Bag Backpack -Multi-Function Waterproof Mother Bag for Travel with Baby - Large Capacity, Durable and Stylish.(Grey Black)","₹1,999.00",4.4 out of 5 stars,
152,Lavie Women's Nova Tote Bag | Ladies Purse Handbag,₹824,4.2 out of 5 stars,"7,318 ratings"
153,Lavie Women's Malnov Tote Bag | Ladies Purse Handbag,"₹1,013.94",4.1 out of 5 stars,"4,826 ratings"
154,F Gear String 13 Ltr Gym Bag (Black),₹189.00,4.2 out of 5 stars,
155,F Gear Tycoon 27 Liters Laptop Backpack Sch Bag(Black),"₹1,168.00",4.4 out of 5 stars,
156,Zeog 25 Ltrs Casual Waterproof Laptop Bag/Backpack for Men Women Boys & Girls Office/School/College/Travel Backpack.,₹799,Previous page,
157,Zeog 25 Ltrs Casual Waterproof Laptop Bag/Backpack for Men Women Boys & Girls Office/School/College/Travel Backpack.,₹799.00,Previous page,
158,Anti Theft Faux Leather,₹499.00,3.9 out of 5 stars,
159,"Chris & Kate 42ltr Navy-Red Comfortable Casual, School Backpack",₹549.00,Previous page,
160,Gear Vintage2 Anti Theft Faux Leather 18 cms Tan Laptop Backpack,"₹1,049.00",4.4 out of 5 stars,
161,Amazon Brand - Eden & Ivy Women's Sling Bag,₹559.27,4.3 out of 5 stars,
162,Gear Casual Backpack,₹429,3.8 out of 5 stars,"2,040 ratings"
163,Bennett™ Mystic Unisex Adult Men's Laptop Bag 15.6 inch Side Shoulder Briefcase Satchel Messenger Business Bags for Men & Women Front Pocket for Laptop Accessories - Black (6 Month Warranty),₹512.00,4.1 out of 5 stars,
164,Gear Superior 16LWater Resistant School Bag//Backpack/College Bag for Men/Women - Black,₹395.00,3.9 out of 5 stars,
165,ZIPLINE Unisex Casual Polyester 36 L Backpack School Bag Women Men Boys Girls Children Daypack College Bag Book School Sports Bag Weekend Bag,₹843.00,4.0 out of 5 stars,
166,F Gear Colorado Grey Orange 39 Ltrs Laptop Backpack (3814),₹662.00,4.4 out of 5 stars,
167,Alifiya Polyester MacBook Laptop Sleeve Bag 16 Inch with Charger Pouch (Grey_L26),₹384.00,4.2 out of 5 stars,
168,URBAN TRIBE Move Travel/Office/Casual/Laptop Backpack,₹798.00,3.5 out of 5 stars,
169,"FUR JADEN Anti Theft Number Lock Backpack Bag with 15.6 Inch Laptop Compartment, USB Charging Port & Organizer Pocket for Men Women Boys Girls",₹689.00,3.9 out of 5 stars,
170,Safari Seek 45 Ltrs Overnighter Expandable Travel Laptop Backpack,"₹1,949.00",4.5 out of 5 stars,
171,"COSMUS Madison waterproof Multipurpose Backpack With laptop compartment , 33L","₹1,196.00",4.2 out of 5 stars,
172,Fostelo Handbag For Women And Girls | Ladies Purse Faux Leather Satchel Bag | Woman Gifts | Wedding Gifts For Women | Women 3 Compartments Bag | Travel Purse Hobo Bag | 5 Pockets Shoulder Bag,₹498.00,4.1 out of 5 stars,
173,DZert Kids School Bag Soft Plush Backpacks Cartoon Boys Girls Baby (2-5 Years),₹239.00,3.7 out of 5 stars,
174,Red Lemon Polyester Bange Series 15.6inch Laptop Bag for Men 35 LTR Capacity Daily Office Bag for Men and Women Black (1903),"₹2,849.00",4.2 out of 5 stars,
175,"Pigeon Breast Milk Storage Bag,Secure Seal & easy Storage,Hygienic Breast Milk Storage,Leak Proof,Zipper Zeal Breast Milk Storage,5 pcs",₹115.00,4.3 out of 5 stars,
176,Gear Moderneco5 21L Water Resistant School Bag/Backpack/College Bag For Men/Women - Navyblue,₹429.00,3.9 out of 5 stars,
177,"Veneer Laptop Bag 15.6 Inch, Business Briefcase for Men Women, 15inch Water Resistant Messenger Shoulder Bag with Strap, Durable Office Bag, for Computer/Notebook/MacBook","₹1,055.00",4.2 out of 5 stars,
178,"COSMUS Madison waterproof Multipurpose Backpack With laptop compartment , 33L","₹1,196.00",4.2 out of 5 stars,
179,Zeog 25 Ltrs Casual Waterproof Laptop Bag/Backpack for Men Women Boys & Girls Office/School/College/Travel Backpack | Zeog2blk,₹799.00,Previous page,
180,Anti Theft Faux Leather,₹499.00,3.9 out of 5 stars,
181,"Chris & Kate 42ltr Navy-Red Comfortable Casual, School Backpack",₹549.00,Previous page,
182,F Gear 22 Ltrs Burner Art Lthr Brown Laptop Backpack (3343),₹881,4.4 out of 5 stars,323 ratings
183,"LuvLap Baby Breast Milk Storage Bags (Pack of 50), BPA Free Disposable Milk Freezer Bags for Breast Feeding, Transparent",₹549.00,4.3 out of 5 stars,₹549.00₹549.00
184,VIP Polypropylene 48 Cms Travel Bag(DFENDEBRN_Brown),₹899,4.3 out of 5 stars,334 ratings
185,Baggit Women Hobo Handbag (ROSE),₹595.00,4.2 out of 5 stars,
186,"Trajectory Sigma Brown Elegant Vegan Leather Crossbody Messenger Office Bag for upto 15.6 Inch Laptop , MacBook , Notebook with Multiple Compartment Shoulder & Handbag for Men & Women with 2 Years Warranty","₹1,399.00",4.2 out of 5 stars,
187,"Amazon Brand - Solimo Laptop Backpack for 15.6-inch Laptops (27 litres, Black)",₹449.00,3.8 out of 5 stars,
188,Gear Vintage2 28L Faux Leather Water Resistant Anti Theft Laptop Bag/Backpack for Men/Women-Navy,₹999,4.4 out of 5 stars,"3,057 ratings"
189,Gear Turbo 45L Expandable Water Resistant Antitheft Laptop Bag/Backpack/Briefcase For Men/Women With Raincover (Grey),"₹1,568",4.4 out of 5 stars,753 ratings
190,URBAN TRIBE Move Travel/Office/Casual/Laptop Backpack,₹798.00,3.5 out of 5 stars,
191,Zeog 25 Ltrs Casual Waterproof Laptop Bag/Backpack for Men Women Boys & Girls Office/School/College/Travel Backpack | Zeog2blk,₹799.00,Previous page,
192,Bagneeds Men's Black Synthetic Leather Briefcase Best Laptop Messenger Bag Satchel for Men,₹664,4.1 out of 5 stars,"3,612 ratings"
193,Baggit Women's PEPSI Sling Bag,₹812.00,4.3 out of 5 stars,
194,"Genie Spritz Daypack 14 inch, Stylish and Trendy College backpacks for girls, Water Resistant and Lightweight Mini Bags for Travelling Purpose. Latest Collection of Backpack for women (Rose)",₹349.00,4.2 out of 5 stars,
195,"PAZZO Alto 40L Casual Backpack - 3 Compartment Travel Backpack, College|School Bag with 1 Year Warranty",₹799,4.0 out of 5 stars,"1,669 ratings"
196,ADISA Women's Sling Bag,₹575,4.0 out of 5 stars,"2,561 ratings"
197,Nelle Harper Women's Handbag,₹699.00,3.9 out of 5 stars,
198,"Lenovo 15.6"" Professional Backpack, Made in India, Water-resistant,Uncompromised storage, Travel friendly:Fleece-lined PC compartment,Vented,Padded BackPanel & Adjustable shoulder straps,Luggage strap","₹1,337.00",4.2 out of 5 stars,
199,"Arctic Hunter Gaming Backpack Laptop Bag for 15.6 inch Laptop Biking Backpack for Men Water-Resistant Stylish Semi-Hard Armored Backpack with USB Port for Men and Women Daily Use Students, Black","₹2,799.00",4.4 out of 5 stars,
200,"COSMUS Madison waterproof Multipurpose Backpack With laptop compartment , 33L","₹1,196",4.2 out of 5 stars,"2,166 ratings"
201,Zeog 25 Ltrs Casual Waterproof Laptop Bag/Backpack for Men Women Boys & Girls Office/School/College/Travel Backpack.,₹799.00,Previous page,
202,Anti Theft Faux Leather,₹499,3.9 out of 5 stars,51 ratings
203,Justify 55L Large Laptop Backpack With 3 Compartments Polyester Trendy Waterproof Travel Backpack,"₹1,799",Previous page,
204,Kuber Industries Travel Toiletry Bag|Undergarments Organizer Bag|Makeup Bags|Transparent Shaving Bag for Men|Water Resistant with Zipper and Handle|Set of 2 (Cream),₹174.00,4.0 out of 5 stars,
205,F Gear Enzo Sports Waist Bag (.Red),₹197.00,4.2 out of 5 stars,
206,Tabelito® Casual 15.6 Inch (39.6 cm) Water Repellent Laptop Backpack Office College School Business Travel Bag Suitable for Men Women Boys & Girls Capacity 25 Litre (Grey),₹549.00,4.2 out of 5 stars,
207,motherly 25 ltrs (25 Cms) backpack(5860_grey),"₹1,716.00",4.6 out of 5 stars,
208,"Bennett Laptop Bag for Menं & Women 15.6 inch, 35 L Water Resistant Bag Laptop Apple / Dell / Lenovo / Asus / Hp / Samsung / Mi / MacBook / Ultrabook / Thinkpad / Ideapad / Surfacepro (Blue)",₹512.00,4.0 out of 5 stars,
209,"LuvLap Baby Breast Milk Storage Bags (Pack of 50), BPA Free Disposable Milk Freezer Bags for Breast Feeding, Transparent",₹549.00,4.3 out of 5 stars,₹549.00₹549.00
210,"Trajectory Sigma Brown Elegant Vegan Leather Crossbody Messenger Office Bag for upto 15.6 Inch Laptop , MacBook , Notebook with Multiple Compartment Shoulder & Handbag for Men & Women with 2 Years Warranty","₹1,399.00",4.2 out of 5 stars,
211,ADISA Women's & Girls' Sling Bag,₹495,4.1 out of 5 stars,"2,771 ratings"
212,"Chris & Kate 42ltr Navy-Red Comfortable Casual, School Backpack",₹549.00,Previous page,
213,Zeog 25 Ltrs Casual Waterproof Laptop Bag/Backpack for Men Women Boys & Girls Office/School/College/Travel Backpack | Zeog2blk,₹799.00,Previous page,
214,OPTIMA Laptop Backpack of OPT-262/263/273/274/1395/1396,₹399,3.9 out of 5 stars,"4,595 ratings"
215,Asus BP1504 39.62 cm (15.6-inch) Laptop Backpack (Dark Grey),₹819.00,4.2 out of 5 stars,
216,"Amazon Brand - Solimo Laptop Backpack for 15.6-inch Laptops (27 litres, Black)",₹449.00,3.8 out of 5 stars,
217,Gear Vintage2 28L Faux Leather Water Resistant Anti Theft Laptop Bag/Backpack for Men/Women-Navy,₹999,4.4 out of 5 stars,"3,057 ratings"
218,Storite Stylish Padded Small Nylon Sling Cross Body Travel Office Business Messenger Bag for Men Women (25x16x7.5cm) (Dark Grey),₹449.00,4.1 out of 5 stars,
219,"Chic Buddy Waterproof Wet Bag, Washable, Reusable for Travel, Beach, Pool, Stroller, Diapers, Dirty Gym Clothes, Wet Swimsuits, Toiletries",₹289,4.5 out of 5 stars,256 ratings
220,Isle Locada by Hidesign Women's SLING BAG(MARSALA/BROWN),"₹1,899",4.5 out of 5 stars,352 ratings
221,ADISA Women's Sling Bag,₹575.00,4.0 out of 5 stars,
222,Zeog 25 Ltrs Casual Waterproof Laptop Bag/Backpack for Men Women Boys & Girls Office/School/College/Travel Backpack.,₹799.00,Previous page,
223,URBAN TRIBE Move Travel/Office/Casual/Laptop Backpack,₹798.00,3.5 out of 5 stars,
224,Anti Theft Faux Leather,₹499,3.9 out of 5 stars,51 ratings
225,Justify 55L Large Laptop Backpack With 3 Compartments Polyester Trendy Waterproof Travel Backpack,"₹1,799.00",Previous page,
226,"SHALIMAR large capacity Travel bag / Storage bag / Move-in bags/ Duffel Bag - Strong, Durable , Foldable and Water Resistant ( Pack of 1 ) ( Blue )",₹247.00,4.1 out of 5 stars,
227,TRAWOC 80L Travel Backpack for Outdoor Sport Camp Hiking Trekking Bag Camping Rucksack HK007-PARENT,"₹2,380.00",4.4 out of 5 stars,
228,Red Lemon Polyester Bange Series 15.6inch Laptop Bag for Men 35 LTR Capacity Daily Office Bag for Men and Women Black (1903),"₹2,849.00",4.2 out of 5 stars,
229,"Chic Buddy Waterproof Wet Bag, Washable, Reusable for Travel, Beach, Pool, Stroller, Diapers, Dirty Gym Clothes, Wet Swimsuits, Toiletries",₹279,4.5 out of 5 stars,Added to
230,DEIN KLEIDER Nylon Cross Body Travel Mobile Pouch Sling Messenger Bag for Women,₹259,4.2 out of 5 stars,"1,330 ratings"
231,"Lenovo 15.6"" Professional Backpack, Made in India, Water-resistant,Uncompromised storage, Travel friendly:Fleece-lined PC compartment,Vented,Padded BackPanel & Adjustable shoulder straps,Luggage strap","₹1,337.00",4.2 out of 5 stars,
232,DZert Clasy Laptop Bag College Bag for Boys Girls 21 L Blue White,₹299.00,3.8 out of 5 stars,
233,Baggit Women's Sling Bag (Grey),₹837,4.3 out of 5 stars,778 ratings
234,"Chris & Kate 42ltr Navy-Red Comfortable Casual, School Backpack",₹549.00,Previous page,
235,Zeog 25 Ltrs Casual Waterproof Laptop Bag/Backpack for Men Women Boys & Girls Office/School/College/Travel Backpack | Zeog2blk,₹799.00,Previous page,
236,HP 100 Lightweight Backpack for 15.6-inch Laptop with Elastic and Padded Shoulder Straps (Black),₹899.00,4.0 out of 5 stars,
237,"SIDRUM D2 DSLR/SLR Camera Shoulder Bag Case with Adjustable Shoulder Strap, Compatible for Nikon, Canon, Sony Mirrorless Cameras - Waterproof - Breathable - Anti Shock (Grey)",₹664.00,4.4 out of 5 stars,
238,POLICE Backpack for Men Casual Laptop Bag Office / Travel / College 30 Ltr Hedge Polyester - Black,"₹1,399",4.2 out of 5 stars,"5,143 ratings"
239,NIVIA String Bag/Drawstring Bag/Sports Bag Boys/Polyester String Bag/Kit Bags/Drawstring Sports Bag/Dori Backpack/Gym Bag/String Bag Men Waterproof/Drawstring Backpack (Sky Blue),₹193.00,4.2 out of 5 stars,
240,Lino Perros Sling bag,₹829.00,4.2 out of 5 stars,
241,StarX Nylon 15 Cms Gym Bag(Orange Bag_Orange),₹237.00,3.7 out of 5 stars,
242,"AirCase Office Canvas Sling Messenger Bag fits Upto 15.6"" Laptop/ MacBook, PU Leather Handles, Detachable Shoulder Strap, Easy to Clean, for Office/ Travel, Men & Women,Grey- 6 Month Warranty",₹999.00,Previous page,
243,AUXTER Red Polyester Avenger Captain America Shield school Bag casual Backpack Daypack,₹529.00,4.4 out of 5 stars,
244,URBAN TRIBE Move Travel/Office/Casual/Laptop Backpack,₹798,3.5 out of 5 stars,10 ratings
245,Zeog 25 Ltrs Casual Waterproof Laptop Bag/Backpack for Men Women Boys & Girls Office/School/College/Travel Backpack.,₹799.00,Previous page,
246,Anti Theft Faux Leather,₹499,3.9 out of 5 stars,51 ratings
247,"URBAN TRIBE Havana 15.6"" inch Laptop Backpack for Men and Women | 27L Office/Work/Casual Bag | Water Repellent | Black",₹998.00,3.9 out of 5 stars,
248,ASTRID Blue Textured Cotton Tote Bag With Coin Pouch,₹749.00,4.4 out of 5 stars,
249,Nivia 5177RD Polyester String Bag (Red),₹193.00,4.0 out of 5 stars,
250,Hidesign Women Sling Bag (Blue),"₹1,999",4.4 out of 5 stars,103 ratings
251,Gear Turbo 45L Expandable Water Resistant Antitheft Laptop Bag/Backpack/Briefcase For Men/Women With Raincover (Grey),"₹1,568.00",4.4 out of 5 stars,
252,Hammonds Flycatcher Genuine Leather Executive Formal Office Bag | Shoulder Laptop Messenger Bag for Men | MacBook|Notebook Upto 16 Inch| Crossbody Handbags with Shoulder Straps | Brown | LB106BR,"₹2,705.00",4.3 out of 5 stars,
253,Aristocrat Unisex Black Oxford Fabric 28.82L Laptop Bags,₹676.80,3.3 out of 5 stars,
254,Half Moon 45L Hammer Waterproof Laptop Travelling Rucksack Trekking Backpack for Travel Journey bags for Men Women Boys & Girls with 17.3inch Laptop Compartment & Rain cover,"₹1,299",4.1 out of 5 stars,903 ratings
255,"Comfabie Falma Women's Leather Latest Stylish Fashion Mini Small Pouch and Cute Sling Bag Set (Pink, 5L) - Combo of 3 Pcs",₹489.00,3.9 out of 5 stars,
256,"Chris & Kate 42ltr Navy-Red Comfortable Casual, School Backpack",₹549.00,Previous page,
257,URBAN TRIBE Move Travel/Office/Casual/Laptop Backpack,₹798.00,3.5 out of 5 stars,
258,Blowzy Bags PU Leather 15.6 inch Laptop Shoulder Messenger Sling Office Bag for Men & Women (Tan),₹527.00,4.0 out of 5 stars,
259,GOCART WITH G LOGO Laptop Backpack Casual Daypacks Briefcase Convertible Business Travel Rucksack with USB Charging Port Large College School Bookbag Computer Laptop Bag,"₹1,499",3.9 out of 5 stars,"1,296 ratings"
260,American Tourister Ohio Polyester 55 cms Blue Travel Duffle (FJ9 (0) 01 001),"₹2,099",4.3 out of 5 stars,"1,692 ratings"
261,"Safari 48 Cms Black Formal/Office/Laptop Backpack With Anti-Theft, Lock, Usb And Rfid (Vault19Cbblk)","₹1,197.00",4.0 out of 5 stars,
262,F Gear Yakuza Brown 34 liter Laptop Backpack Sch Bag,"₹1,139.00",4.4 out of 5 stars,
263,"Veneer Medium 20 L Laptop Backpack Men Womens Girls Fashion PU Leather Mini Casual Backpack Bags for School, College, Tuition, Office Bag",₹899.00,4.2 out of 5 stars,
264,The Clownfish Trident Series Laptop Briefcase 15.6 inch Laptop Bag Messenger Bag (Dark Brown),"₹1,819.00",4.4 out of 5 stars,
265,Half Moon 35 L Casual Water Resistant 15.6 inch Laptop Bag/Backpack for Men Women Boys Girls/Office School College Teens & Students with Rain Cover (Airport Blue),₹699.00,3.8 out of 5 stars,
266,"COSMUS Madison waterproof Multipurpose Backpack With laptop compartment , 33L","₹1,196",4.2 out of 5 stars,"2,166 ratings"
267,Justify 55L Large Laptop Backpack With 3 Compartments Polyester Trendy Waterproof Travel Backpack,"₹1,799.00",Previous page,
268,Anti Theft Faux Leather,₹499.00,3.9 out of 5 stars,
269,"Chris & Kate 42ltr Navy-Red Comfortable Casual, School Backpack",₹549,Previous page,
270,Kuber Industries Rexine Lightweight Travel Toiletry Bag Shaving Kit with Carrying Strap (Grey) 54KM4283,₹244.00,4.1 out of 5 stars,
271,PALAY® Crossbody Phone Bags For Women 3 Layers Small Multifunctional Mobile Pouch Sling Bags For Girls Latest Travel Cell Phone Purses Pouch Sport Shoulder Bag,₹552.00,4.4 out of 5 stars,
272,"AirCase Office Messenger Sling Bag fits upto 15.6"" Laptop/Macbook, Detachable Shoulder Strap, Waterproof, Shockproof, Carry Handle with Spacious Pockets, For Men & Women",₹949.00,4.0 out of 5 stars,
273,PALAY Women's Small Cross-Body Phone Bag Stylish PU Leather Mobile Cell Phone Holder Pocket Purse Wallet Sling Bag Mini Shoulder Bags,₹784.00,4.3 out of 5 stars,
274,"VIFITKIT Gym Bag for Men & Women, Duffel Bag, Multi-Purpose Bag with Spacious Storage Compartment & Durable Zipper Closure (22.5 litres, Black)",₹299.00,4.1 out of 5 stars,
275,"AirCase Sleeve Messenger Bag with Handle & Detachable Shoulder Strap |for Upto 14"" Laptop/ MacBook | 3-in-1 use | 3 Zippered Spacious Pockets | Durable Nylon Padded Fabric, for Men & Women (Black)",₹849.00,4.2 out of 5 stars,
276,American Tourister Polypropylene Hard 68 cms Luggage- Suitcase(LG4 (0) 08 002_Iron Grey),"₹2,899.00",4.0 out of 5 stars,
277,F Gear Trail Sports Waist Bag (Marpat ACV Camo),₹560.00,4.4 out of 5 stars,
278,URBAN TRIBE Move Travel/Office/Casual/Laptop Backpack,₹798,3.5 out of 5 stars,10 ratings
279,"FUR JADEN Anti Theft Number Lock Backpack Bag with 15.6 Inch Laptop Compartment, USB Charging Port & Organizer Pocket for Men Women Boys Girls",₹689.00,3.9 out of 5 stars,
280,TULMAN Canvas Travel Sling Bag Cross Body One side Shoulder College Bag for Men & Women - 30 x 13 x 26 CM - Olive Green,₹799.00,4.1 out of 5 stars,
281,HEROZ Hacker 50 litres Nylon Travel Laptop Backpack Water Resistant Slim Durable Computer Book Bag Tracking Fits Up to 17.3-inch Laptop (058- All) (Grey & Red),"₹1,519.00",4.1 out of 5 stars,
282,Skybags Unisex Grey Jacqard 34L Laptop Bags,"₹1,320.00",4.4 out of 5 stars,
283,wooum Water Resisitance Sling Cross Body Bag/One Side Bag/Shoulder Bag/Office Business Messenger Bag/Money Bag for Men and Women - Blue,₹328.70,4.0 out of 5 stars,575 ratings
284,Lunar's Comet 35L Water Resistant Travel Bagpack/College Backpack/School Bag/Office Bag/Business Backpack/Daypack for Men and Women with 1 Year Warranty,₹799.00,4.0 out of 5 stars,
285,"Golden Wolf Laptop Bag Anti-theft Backpack with Lock College School Laptop Backpack with Rain Cover Water Resistant Business Backpack with USB Port for 15.6-inch Laptop 25 L Travel Bag for Women and Men Gifts, Dark Grey","₹1,999.00",4.4 out of 5 stars,
286,Tommy Hilfiger Polyester 53 cms Navy + White Gym Shoulder Bag (TH/KENDALL0815),"₹1,799",4.4 out of 5 stars,63 ratings
287,Boldfit Waist Bag for Men Travel Bag for Men Chest Bag for Men Travel Fanny Pack for Men Waist Bag for Women Side Bag for Men Travel Accessories / Pouch / Hand Purse. Mobile Bag / Money Bag - Black,₹399.00,4.9 out of 5 stars,
288,"COSMUS Madison waterproof Multipurpose Backpack With laptop compartment , 33L","₹1,196",4.2 out of 5 stars,"2,166 ratings"
289,Justify 55L Large Laptop Backpack With 3 Compartments Polyester Trendy Waterproof Travel Backpack,"₹1,799.00",Previous page,
290,Anti Theft Faux Leather,₹499.00,3.9 out of 5 stars,
291,"Chris & Kate 42ltr Navy-Red Comfortable Casual, School Backpack",₹549.00,Previous page,
292,"AirCase C26 13.3 Inch/14 Inch Messenger Laptop Bag with Shoulder Strap, Water resistant, Handle and 2 Multi Utility Compartments (Black)",₹949.00,4.1 out of 5 stars,
293,F Gear Yakuza Brown 34 liter Laptop Backpack Sch Bag,"₹1,139.00",4.4 out of 5 stars,
294,Isle Locada by Hidesign Women's SLING BAG(MARSALA/BROWN),"₹1,899.00",4.5 out of 5 stars,
295,Lenovo Casual Laptop Backpack B210 39.62 cm (15.6) -inch Water Repellent Grey,"₹1,008.00",4.2 out of 5 stars,
296,Nivia 5177RD Polyester String Bag (Red),₹193.00,4.0 out of 5 stars,
297,ZIBUYU® Tote Handbag for Women Fashion Faux Leather Tote Bag Classic Shoulder Crossbody Bags for Lady Girl Solid Color,"₹1,322.00",3.9 out of 5 stars,
298,Tabelito® Laptop Bag For Men and women Briefcase 15.6 Inch (39.6 cm) Messenger Side Shoulder Travel bags for mens Water Resistant gifts office bag for men,₹549.00,3.8 out of 5 stars,
299,Lavie Women's Betula Medium Tote Bag | Ladies Purse Handbag,"₹1,020.45",4.1 out of 5 stars,
300,"FUR JADEN Anti Theft Number Lock Backpack Bag with 15.6 Inch Laptop Compartment, USB Charging Port & Organizer Pocket for Men Women Boys Girls",₹689.00,3.9 out of 5 stars,
301,URBAN TRIBE Move Travel/Office/Casual/Laptop Backpack,₹798.00,3.5 out of 5 stars,
302,"Safari Sneak Casual Backpack with USB Charging Port 26 Ltrs Water Resistant Fabric - Grey, L (SNEAK19CBGRE)",₹899.00,3.7 out of 5 stars,
303,Lavie Women's Broxa Flap Over Sling Bag | Ladies Purse Handbag,"₹1,217",4.2 out of 5 stars,"5,531 ratings"
304,Wildcraft 35 Ltrs 18 inch Backpack (11908 Navy_Navy),"₹1,246.00",4.1 out of 5 stars,
305,"Safari 48 Cms Black Formal/Office/Laptop Backpack With Anti-Theft, Lock, Usb And Rfid (Vault19Cbblk)","₹1,197.00",4.0 out of 5 stars,
306,"Gear Alphamount 45L Water Resistant Trekking Travel Rucksack for Men,Women - Black Yellow",₹849.00,4.0 out of 5 stars,
307,Blowzy Bags PU Leather 15.6 inch Laptop Shoulder Messenger Sling Office Bag for Men & Women (Tan),₹527.00,4.0 out of 5 stars,
308,Lino Perros Faux Leather Handbag,₹839.00,4.3 out of 5 stars,
309,"Oscaurt Travel Laptop Backpack, Business High School College Bookbag,Slim Daypack for Women & Men Fit 15.6 Inches Laptop",₹949.00,4.5 out of 5 stars,
310,"COSMUS Madison waterproof Multipurpose Backpack With laptop compartment , 33L","₹1,196.00",4.2 out of 5 stars,
311,Justify 55L Large Laptop Backpack With 3 Compartments Polyester Trendy Waterproof Travel Backpack,"₹1,799",Previous page,
312,Anti Theft Faux Leather,₹499,3.9 out of 5 stars,51 ratings
313,"URBAN TRIBE Havana 15.6"" inch Laptop Backpack for Men and Women | 27L Office/Work/Casual Bag | Water Repellent | Black",₹998.00,3.9 out of 5 stars,
314,"Gear Alphamount 45L Water Resistant Trekking Travel Rucksack for Men,Women - Black Yellow",₹849,4.0 out of 5 stars,319 ratings
315,Blowzy Bags PU Leather 15.6 inch Laptop Shoulder Messenger Sling Office Bag for Men & Women (Tan),₹527.00,4.0 out of 5 stars,
316,GOCART WITH G LOGO Laptop Backpack Casual Daypacks Briefcase Convertible Business Travel Rucksack with USB Charging Port Large College School Bookbag Computer Laptop Bag,"₹1,499.00",3.9 out of 5 stars,
317,Baggit Women's Laptop Bag - Large (Blue),"₹1,217",5.0 out of 5 stars,1 rating
318,"Oscaurt Travel Laptop Backpack, Business High School College Bookbag,Slim Daypack for Women & Men Fit 15.6 Inches Laptop",₹949,4.5 out of 5 stars,882 ratings
319,F Gear Lattitude Blue Navy Orange Sports Waist Bag (3686),₹449.00,4.3 out of 5 stars,
320,Lavie Women's Marma Dome Sling Bag| Ladies Purse Handbag,₹945.00,4.0 out of 5 stars,
321,Wildcraft 35 ltrs (19 Cms) Casual Backpack(11619-Typo_Blk_Black),"₹1,298.00",4.3 out of 5 stars,
322,"Chris & Kate 42ltr Navy-Red Comfortable Casual, School Backpack",₹549.00,Previous page,
323,URBAN TRIBE Move Travel/Office/Casual/Laptop Backpack,₹798.00,3.5 out of 5 stars,
324,Farraige® Cartoon Soft Silicone Bag Crossbody Shoulder Bag Purse Waterproof Anti Fall Stationery Storage Bag Handbag Sweet Birthday Gift for Children Students Girls,₹598,4.7 out of 5 stars,20 ratings
325,"Safari 48 Cms Black Formal/Office/Laptop Backpack With Anti-Theft, Lock, Usb And Rfid (Vault19Cbblk)","₹1,197",4.0 out of 5 stars,783 ratings
326,F Gear Yakuza Brown 34 liter Laptop Backpack Sch Bag,"₹1,139.00",4.4 out of 5 stars,
327,Okami Wolf unisex-adult ZenPack Laptop Messenger Bag With USB Fast Charger and RFID Protection ( Black),"₹3,499",4.4 out of 5 stars,36 ratings
328,"Veneer Medium 20 L Laptop Backpack Men Womens Girls Fashion PU Leather Mini Casual Backpack Bags for School, College, Tuition, Office Bag",₹899,4.2 out of 5 stars,810 ratings
329,Lino Perros Faux Leather Sling Bag,₹940,3.9 out of 5 stars,193 ratings
330,DZert Kids School Bag Soft Plush Backpacks Cartoon Boys Girls Baby (2-5 Years),₹219,3.7 out of 5 stars,Added to
331,The Clownfish Trident Series Laptop Briefcase 15.6 inch Laptop Bag Messenger Bag (Dark Brown),"₹1,819.00",4.4 out of 5 stars,
332,"COSMUS Madison waterproof Multipurpose Backpack With laptop compartment , 33L","₹1,196.00",4.2 out of 5 stars,
333,Justify 55L Large Laptop Backpack With 3 Compartments Polyester Trendy Waterproof Travel Backpack,"₹1,799",Previous page,
334,Anti Theft Faux Leather,₹499,3.9 out of 5 stars,51 ratings
335,"Chris & Kate 42ltr Navy-Red Comfortable Casual, School Backpack",₹549.00,Previous page,
336,PLAYY BAGS Large 35 L Laptop Bag/Backpack for Men Women Boys Girls/Office School College Teens & Students(Navy Blue),₹599.00,3.3 out of 5 stars,
337,Lavie Women's Faroe Satchel Bag | Ladies Purse Hobo Handbag,"₹2,320",4.2 out of 5 stars,"2,856 ratings"
338,F Gear Sedna 27 Liters Laptop Backpack Sch Bag(Brown),"₹1,080.00",4.1 out of 5 stars,
339,"WALKENT 15.6"" Waterproof Anti-Theft Laptop Bag 27L (Model - Craft, Black) Expandable, External USB for Office, College, Men, Women","₹2,365.00",4.2 out of 5 stars,
340,HP Wings Backpack for 15.6'' Inch (39.6 cm) Laptop/Chromebook/Mac (Black) 1D0M4PA,₹749.00,3.7 out of 5 stars,
341,LL LEATHER LAND DESIGNER BAGS Sling Bag_SLG_90,₹299.00,4.0 out of 5 stars,
342,Mammon Women's PU Leather Handbag Combo,₹636.00,3.4 out of 5 stars,
343,Wildcraft CL2 Laptop bagpack (Black),"₹1,714.00",4.1 out of 5 stars,
344,"FUR JADEN Anti Theft Number Lock Backpack Bag with 15.6 Inch Laptop Compartment, USB Charging Port & Organizer Pocket for Men Women Boys Girls",₹689.00,3.9 out of 5 stars,
345,URBAN TRIBE Move Travel/Office/Casual/Laptop Backpack,₹798.00,3.5 out of 5 stars,
346,Nelle Harper Women's Handbag,₹699,3.9 out of 5 stars,"2,816 ratings"
347,"Seagull flight of fashion Single Layer Electronic Gadget Organizer Case , Tech Kit Accessories Organizer Bag with Mobile Stand - 27 x 20 x 3 cm - Grey - Model 2",₹449.00,4.2 out of 5 stars,
348,"FUR JADEN Travel Laptop Backpack, Business Backpacks with USB Charging Port, Water Resistant College School Computer Bag for Men & Women Fits Under 15.6 inch Laptop and Notebook",₹989.00,4.1 out of 5 stars,
349,Cosmus Vogue Casual Laptop Backpack with USB Charger Port 44cm 26 Litre Grey College Bag,"₹1,181.00",4.2 out of 5 stars,
350,"uppercase Medium 17 Ltrs Vegan Leather (14.6 inch) Laptop Backpack 2300EBP1 3x more water resistant sustainable bags with rain proof zippers for Men, Women, Boys and Girls, 750 Days warranty (Green)","₹1,600",4.0 out of 5 stars,108 ratings
351,"uppercase Laptop Backpack 1600EBP Compact 3x more water repellent sustainable bags with rain proof zippers for Men, Women, Boys and Girls , 750 Days warranty",₹950,4.2 out of 5 stars,Added to
352,Baggit Women's Laptop Bag - Large (Blue),"₹1,217.00",5.0 out of 5 stars,
353,ladies casual spacious backpack hand bag for college girls women,₹299.00,Previous page,
354,"COSMUS Madison waterproof Multipurpose Backpack With laptop compartment , 33L","₹1,196",4.2 out of 5 stars,"2,166 ratings"
355,Justify 55L Large Laptop Backpack With 3 Compartments Polyester Trendy Waterproof Travel Backpack,"₹1,799",Previous page,
